{
	"credit": "Made with Blockbench",
	"textures": {
		"2": "./redr",
		"3": "./rjavjina1",
		"4": "./rjavjina2",
		"5": "./metall",
		"6": "./redcol",
		"particle": "./redr"
	},
	"elements": [
		{
			"from": [4, 2.6, 5],
			"to": [6.3, 3.9, 7],
			"faces": {
				"north": {"uv": [0, 0, 16, 16], "texture": "#4"},
				"east": {"uv": [0, 0, 16, 16], "texture": "#4"},
				"south": {"uv": [0, 0, 16, 16], "texture": "#4"},
				"west": {"uv": [0, 0, 16, 16], "texture": "#4"},
				"up": {"uv": [0, 0, 16, 16], "texture": "#4"},
				"down": {"uv": [0, 0, 16, 16], "texture": "#4"}
			}
		},
		{
			"from": [2, 6.2, 5],
			"to": [4.3, 7.1, 7],
			"faces": {
				"north": {"uv": [0, 0, 16, 16], "texture": "#4"},
				"east": {"uv": [0, 0, 16, 16], "texture": "#4"},
				"south": {"uv": [0, 0, 16, 16], "texture": "#4"},
				"west": {"uv": [0, 0, 16, 16], "texture": "#4"},
				"up": {"uv": [0, 0, 16, 16], "texture": "#4"},
				"down": {"uv": [0, 0, 16, 16], "texture": "#4"}
			}
		},
		{
			"from": [4, 6.2, 5],
			"to": [6.3, 7.4, 7],
			"faces": {
				"north": {"uv": [0, 0, 16, 16], "texture": "#4"},
				"east": {"uv": [0, 0, 16, 16], "texture": "#4"},
				"south": {"uv": [0, 0, 16, 16], "texture": "#4"},
				"west": {"uv": [0, 0, 16, 16], "texture": "#4"},
				"up": {"uv": [0, 0, 16, 16], "texture": "#4"},
				"down": {"uv": [0, 0, 16, 16], "texture": "#4"}
			}
		},
		{
			"from": [2, 2.6, 5],
			"to": [4.3, 3.9, 7],
			"faces": {
				"north": {"uv": [0, 0, 16, 16], "texture": "#4"},
				"east": {"uv": [0, 0, 16, 16], "texture": "#4"},
				"south": {"uv": [0, 0, 16, 16], "texture": "#4"},
				"west": {"uv": [0, 0, 16, 16], "texture": "#4"},
				"up": {"uv": [0, 0, 16, 16], "texture": "#4"},
				"down": {"uv": [0, 0, 16, 16], "texture": "#4"}
			}
		},
		{
			"from": [-2.6, 3.6, 5],
			"to": [-0.3, 4.5, 7],
			"rotation": {"angle": -45, "axis": "z", "origin": [0, 0, 0]},
			"faces": {
				"north": {"uv": [0, 0, 16, 16], "texture": "#6"},
				"east": {"uv": [0, 0, 16, 16], "texture": "#6"},
				"south": {"uv": [0, 0, 2.3, 14.4], "texture": "#6"},
				"west": {"uv": [0, 0, 2, 14.4], "texture": "#6"},
				"up": {"uv": [0, 0, 2.3, 32], "texture": "#6"},
				"down": {"uv": [0, 0, 2.3, 32], "texture": "#6"}
			}
		},
		{
			"from": [4.4, 2.6, 5],
			"to": [6.7, 3.5, 7],
			"rotation": {"angle": 45, "axis": "z", "origin": [0, 0, 0]},
			"faces": {
				"north": {"uv": [0, 0, 16, 16], "texture": "#6"},
				"east": {"uv": [0, 0, 16, 16], "texture": "#6"},
				"south": {"uv": [0, 0, 2.3, 14.4], "texture": "#6"},
				"west": {"uv": [0, 0, 2, 14.4], "texture": "#6"},
				"up": {"uv": [0, 0, 2.3, 32], "texture": "#6"},
				"down": {"uv": [0, 0, 2.3, 32], "texture": "#6"}
			}
		},
		{
			"from": [0.6, 4.5, 5],
			"to": [1.7, 6.6, 7],
			"rotation": {"angle": 0, "axis": "z", "origin": [0, 0, 0]},
			"faces": {
				"north": {"uv": [0, 0, 16, 16], "rotation": 270, "texture": "#6"},
				"east": {"uv": [0, 0, 16, 16], "rotation": 90, "texture": "#6"},
				"south": {"uv": [0, 0, 2.1, 17.6], "rotation": 90, "texture": "#6"},
				"west": {"uv": [0, 0, 2.1, 32], "rotation": 90, "texture": "#6"},
				"up": {"uv": [0, 0, 2, 17.6], "rotation": 90, "texture": "#6"},
				"down": {"uv": [0, 0, 2, 17.6], "rotation": 90, "texture": "#6"}
			}
		},
		{
			"from": [6.3, 2.6, 5],
			"to": [7.3, 7.4, 7],
			"faces": {
				"north": {"uv": [0, 0, 16, 16], "texture": "#3"},
				"east": {"uv": [0, 0, 16, 16], "texture": "#3"},
				"south": {"uv": [0, 0, 16, 16], "texture": "#3"},
				"west": {"uv": [0, 0, 16, 16], "texture": "#3"},
				"up": {"uv": [0, 0, 16, 16], "texture": "#3"},
				"down": {"uv": [0, 0, 16, 16], "texture": "#3"}
			}
		},
		{
			"from": [7.3, 4, 5],
			"to": [12.3, 6, 7],
			"faces": {
				"north": {"uv": [0, 0, 16, 16], "texture": "#3"},
				"east": {"uv": [0, 0, 16, 16], "texture": "#3"},
				"south": {"uv": [0, 0, 16, 16], "texture": "#3"},
				"west": {"uv": [0, 0, 16, 16], "texture": "#3"},
				"up": {"uv": [0, 0, 16, 16], "texture": "#3"},
				"down": {"uv": [0, 0, 16, 16], "texture": "#3"}
			}
		},
		{
			"from": [7.3, 0.5, 4.7],
			"to": [9.4, 4, 7.3],
			"faces": {
				"north": {"uv": [0, 0, 16, 16], "texture": "#2"},
				"east": {"uv": [0, 0, 16, 16], "texture": "#2"},
				"south": {"uv": [0, 0, 16, 16], "texture": "#2"},
				"west": {"uv": [0, 0, 16, 16], "texture": "#2"},
				"up": {"uv": [0, 0, 16, 16], "texture": "#2"},
				"down": {"uv": [0, 0, 16, 16], "texture": "#2"}
			}
		},
		{
			"from": [12.3, 3.8, 4.8],
			"to": [18.3, 6.2, 7.2],
			"faces": {
				"north": {"uv": [0, 0, 16, 16], "texture": "#4"},
				"east": {"uv": [0, 0, 16, 16], "texture": "#4"},
				"south": {"uv": [0, 0, 16, 16], "texture": "#4"},
				"west": {"uv": [0, 0, 16, 16], "texture": "#4"},
				"up": {"uv": [0, 0, 16, 16], "texture": "#4"},
				"down": {"uv": [0, 0, 16, 16], "texture": "#4"}
			}
		},
		{
			"from": [20.3, 4.5, 5.5],
			"to": [27.3, 5.5, 6.5],
			"faces": {
				"north": {"uv": [0, 0, 16, 16], "texture": "#5"},
				"east": {"uv": [0, 0, 16, 16], "texture": "#5"},
				"south": {"uv": [0, 0, 16, 16], "texture": "#5"},
				"west": {"uv": [0, 0, 16, 1], "rotation": 270, "texture": "#5"},
				"up": {"uv": [0, 0, 16, 16], "texture": "#5"},
				"down": {"uv": [0, 0, 16, 16], "texture": "#5"}
			}
		},
		{
			"from": [18.3, 4.3, 5.3],
			"to": [20.3, 5.7, 6.7],
			"faces": {
				"north": {"uv": [0, 0, 16, 16], "texture": "#3"},
				"east": {"uv": [0, 0, 16, 16], "texture": "#4"},
				"south": {"uv": [0, 0, 16, 16], "texture": "#4"},
				"west": {"uv": [0, 0, 16, 16], "texture": "#4"},
				"up": {"uv": [0, 0, 16, 16], "texture": "#4"},
				"down": {"uv": [0, 0, 16, 16], "texture": "#4"}
			}
		},
		{
			"from": [20.6, 4, 5],
			"to": [21, 7.1, 7],
			"faces": {
				"north": {"uv": [0, 0, 16, 16], "texture": "#4"},
				"east": {"uv": [0, 0, 16, 16], "texture": "#3"},
				"south": {"uv": [0, 0, 16, 16], "texture": "#4"},
				"west": {"uv": [0, 0, 16, 16], "texture": "#4"},
				"up": {"uv": [0, 0, 16, 16], "texture": "#4"},
				"down": {"uv": [0, 0, 16, 16], "texture": "#4"}
			}
		}
	],
	"display": {
		"thirdperson_righthand": {
			"rotation": [101.51, 81.62, -99.99],
			"translation": [2.75, 5.25, 2]
		},
		"thirdperson_lefthand": {
			"rotation": [74.08, 84.88, -6.36],
			"translation": [3, 5, 13.75]
		},
		"firstperson_righthand": {
			"rotation": [-23.38, 74.32, 1.71],
			"translation": [1, 3.5, -1]
		},
		"firstperson_lefthand": {
			"translation": [-4, 3.75, 0]
		},
		"gui": {
			"translation": [-3.5, 2.75, 0],
			"scale": [0.56836, 0.79297, 1]
		},
		"head": {
			"translation": [0, 9, 0]
		},
		"fixed": {
			"translation": [-5.75, 4, -0.75]
		}
	}
}