{
	"credit": "Made with Blockbench",
	"textures": {
		"0": "./iron_block",
		"1": "./texture_dosoka",
		"particle": "./iron_block"
	},
	"elements": [
		{
			"from": [10.1, 0, 6.1],
			"to": [12.9, 2, 8.9],
			"rotation": {"angle": 0, "axis": "z", "origin": [11, 0.7, 7]},
			"faces": {
				"north": {"uv": [0, 0, 16, 16], "texture": "#0"},
				"east": {"uv": [0, 0, 16, 16], "texture": "#0"},
				"south": {"uv": [0, 0, 16, 16], "texture": "#0"},
				"west": {"uv": [0, 0, 16, 16], "texture": "#0"},
				"up": {"uv": [0, 0, 13, 16], "texture": "#1"},
				"down": {"uv": [0, 0, 16, 16], "texture": "#0"}
			}
		},
		{
			"from": [10, 8, 6],
			"to": [13, 11.2, 9],
			"rotation": {"angle": 0, "axis": "y", "origin": [11, 0.7, 7]},
			"faces": {
				"north": {"uv": [0, 0, 16, 16], "texture": "#0"},
				"east": {"uv": [0, 0, 16, 16], "texture": "#0"},
				"south": {"uv": [0, 0, 16, 16], "texture": "#0"},
				"west": {"uv": [0, 0, 16, 16], "texture": "#0"},
				"up": {"uv": [0, 0, 16, 16], "texture": "#0"},
				"down": {"uv": [0, 0, 16, 16], "texture": "#1"}
			}
		},
		{
			"from": [10.5, 2, 6.5],
			"to": [12.5, 8.8, 8.5],
			"faces": {
				"north": {"uv": [0, 0, 13, 16], "texture": "#1"},
				"east": {"uv": [0, 0, 10, 16], "texture": "#1"},
				"south": {"uv": [13, 0, 0, 16], "texture": "#1"},
				"west": {"uv": [16, 0, 0, 14], "texture": "#1"},
				"up": {"uv": [32, 144, 0, 112], "texture": "#missing"},
				"down": {"uv": [64, 112, 32, 144], "texture": "#missing"}
			}
		},
		{
			"from": [13, 8.5, 8.2],
			"to": [13.5, 9.1, 8.8],
			"rotation": {"angle": 0, "axis": "y", "origin": [7.9, 9.9, 5.7]},
			"faces": {
				"north": {"uv": [1, 0, 9, 9.6], "texture": "#0"},
				"east": {"uv": [6, 0, 15.6, 9.6], "texture": "#0"},
				"south": {"uv": [0, 0, 15, 13.6], "texture": "#0"},
				"west": {"uv": [0, 0, 9.6, 9.6], "texture": "#0"},
				"up": {"uv": [2, 4, 11.6, 12], "rotation": 90, "texture": "#0"},
				"down": {"uv": [4, 6, 13.6, 14], "rotation": 270, "texture": "#0"}
			}
		},
		{
			"from": [13, 9.4, 7.2],
			"to": [13.5, 10, 7.8],
			"rotation": {"angle": 0, "axis": "y", "origin": [7.9, 9.9, 5.7]},
			"faces": {
				"north": {"uv": [1, 0, 9, 9.6], "texture": "#0"},
				"east": {"uv": [6, 0, 15.6, 9.6], "texture": "#0"},
				"south": {"uv": [0, 0, 15, 13.6], "texture": "#0"},
				"west": {"uv": [0, 0, 9.6, 9.6], "texture": "#0"},
				"up": {"uv": [2, 4, 11.6, 12], "rotation": 90, "texture": "#0"},
				"down": {"uv": [4, 6, 13.6, 14], "rotation": 270, "texture": "#0"}
			}
		},
		{
			"from": [13, 10.3, 6.3],
			"to": [13.5, 10.9, 6.9],
			"rotation": {"angle": 0, "axis": "y", "origin": [7.9, 9.9, 5.7]},
			"faces": {
				"north": {"uv": [1, 0, 9, 9.6], "texture": "#0"},
				"east": {"uv": [6, 0, 15.6, 9.6], "texture": "#0"},
				"south": {"uv": [0, 0, 15, 13.6], "texture": "#0"},
				"west": {"uv": [0, 0, 9.6, 9.6], "texture": "#0"},
				"up": {"uv": [2, 4, 11.6, 12], "rotation": 90, "texture": "#0"},
				"down": {"uv": [4, 6, 13.6, 14], "rotation": 270, "texture": "#0"}
			}
		},
		{
			"from": [13, 8.5, 6.3],
			"to": [13.5, 9.1, 6.9],
			"rotation": {"angle": 0, "axis": "y", "origin": [7.9, 9.9, 5.7]},
			"faces": {
				"north": {"uv": [1, 0, 9, 9.6], "texture": "#0"},
				"east": {"uv": [6, 0, 15.6, 9.6], "texture": "#0"},
				"south": {"uv": [0, 0, 15, 13.6], "texture": "#0"},
				"west": {"uv": [0, 0, 9.6, 9.6], "texture": "#0"},
				"up": {"uv": [2, 4, 11.6, 12], "rotation": 90, "texture": "#0"},
				"down": {"uv": [4, 6, 13.6, 14], "rotation": 270, "texture": "#0"}
			}
		},
		{
			"from": [13, 10.3, 8.2],
			"to": [13.5, 10.9, 8.8],
			"rotation": {"angle": 0, "axis": "y", "origin": [7.9, 9.9, 5.7]},
			"faces": {
				"north": {"uv": [1, 0, 9, 9.6], "texture": "#0"},
				"east": {"uv": [6, 0, 15.6, 9.6], "texture": "#0"},
				"south": {"uv": [0, 0, 15, 13.6], "texture": "#0"},
				"west": {"uv": [0, 0, 9.6, 9.6], "texture": "#0"},
				"up": {"uv": [2, 4, 11.6, 12], "rotation": 90, "texture": "#0"},
				"down": {"uv": [4, 6, 13.6, 14], "rotation": 270, "texture": "#0"}
			}
		},
		{
			"from": [10.3, 10.3, 9],
			"to": [10.9, 10.9, 9.5],
			"rotation": {"angle": 0, "axis": "y", "origin": [7.9, 9.9, 5.7]},
			"faces": {
				"north": {"uv": [1, 0, 9, 9.6], "texture": "#0"},
				"east": {"uv": [6, 0, 15.6, 9.6], "texture": "#0"},
				"south": {"uv": [0, 0, 15, 13.6], "texture": "#0"},
				"west": {"uv": [0, 0, 8, 9.6], "texture": "#0"},
				"up": {"uv": [2, 4, 11.6, 12], "rotation": 180, "texture": "#0"},
				"down": {"uv": [4, 6, 13.6, 14], "rotation": 180, "texture": "#0"}
			}
		},
		{
			"from": [12.2, 10.3, 9],
			"to": [12.8, 10.9, 9.5],
			"rotation": {"angle": 0, "axis": "y", "origin": [7.9, 9.9, 5.7]},
			"faces": {
				"north": {"uv": [1, 0, 9, 9.6], "texture": "#0"},
				"east": {"uv": [6, 0, 15.6, 9.6], "texture": "#0"},
				"south": {"uv": [0, 0, 15, 13.6], "texture": "#0"},
				"west": {"uv": [0, 0, 8, 9.6], "texture": "#0"},
				"up": {"uv": [2, 4, 11.6, 12], "rotation": 180, "texture": "#0"},
				"down": {"uv": [4, 6, 13.6, 14], "rotation": 180, "texture": "#0"}
			}
		},
		{
			"from": [11.3, 9.4, 9],
			"to": [11.9, 10, 9.5],
			"rotation": {"angle": 0, "axis": "y", "origin": [7.9, 9.9, 5.7]},
			"faces": {
				"north": {"uv": [1, 0, 9, 9.6], "texture": "#0"},
				"east": {"uv": [6, 0, 15.6, 9.6], "texture": "#0"},
				"south": {"uv": [0, 0, 15, 13.6], "texture": "#0"},
				"west": {"uv": [0, 0, 8, 9.6], "texture": "#0"},
				"up": {"uv": [2, 4, 11.6, 12], "rotation": 180, "texture": "#0"},
				"down": {"uv": [4, 6, 13.6, 14], "rotation": 180, "texture": "#0"}
			}
		},
		{
			"from": [10.3, 8.5, 9],
			"to": [10.9, 9.1, 9.5],
			"rotation": {"angle": 0, "axis": "y", "origin": [7.9, 9.9, 5.7]},
			"faces": {
				"north": {"uv": [1, 0, 9, 9.6], "texture": "#0"},
				"east": {"uv": [6, 0, 15.6, 9.6], "texture": "#0"},
				"south": {"uv": [0, 0, 15, 13.6], "texture": "#0"},
				"west": {"uv": [0, 0, 8, 9.6], "texture": "#0"},
				"up": {"uv": [2, 4, 11.6, 12], "rotation": 180, "texture": "#0"},
				"down": {"uv": [4, 6, 13.6, 14], "rotation": 180, "texture": "#0"}
			}
		},
		{
			"from": [12.2, 8.5, 9],
			"to": [12.8, 9.1, 9.5],
			"rotation": {"angle": 0, "axis": "y", "origin": [7.9, 9.9, 5.7]},
			"faces": {
				"north": {"uv": [1, 0, 9, 9.6], "texture": "#0"},
				"east": {"uv": [6, 0, 15.6, 9.6], "texture": "#0"},
				"south": {"uv": [0, 0, 15, 13.6], "texture": "#0"},
				"west": {"uv": [0, 0, 8, 9.6], "texture": "#0"},
				"up": {"uv": [2, 4, 11.6, 12], "rotation": 180, "texture": "#0"},
				"down": {"uv": [4, 6, 13.6, 14], "rotation": 180, "texture": "#0"}
			}
		},
		{
			"from": [9.6, 8.5, 6.2],
			"to": [10.1, 9.1, 6.8],
			"rotation": {"angle": 0, "axis": "y", "origin": [7.9, 9.9, 5.7]},
			"faces": {
				"north": {"uv": [1, 0, 9, 9.6], "texture": "#0"},
				"east": {"uv": [6, 0, 15.6, 9.6], "texture": "#0"},
				"south": {"uv": [0, 0, 15, 13.6], "texture": "#0"},
				"west": {"uv": [0, 0, 9.6, 9.6], "texture": "#0"},
				"up": {"uv": [2, 4, 11.6, 12], "rotation": 270, "texture": "#0"},
				"down": {"uv": [4, 6, 13.6, 14], "rotation": 90, "texture": "#0"}
			}
		},
		{
			"from": [9.6, 9.4, 7.2],
			"to": [10.1, 10, 7.8],
			"rotation": {"angle": 0, "axis": "y", "origin": [7.9, 9.9, 5.7]},
			"faces": {
				"north": {"uv": [1, 0, 9, 9.6], "texture": "#0"},
				"east": {"uv": [6, 0, 15.6, 9.6], "texture": "#0"},
				"south": {"uv": [0, 0, 15, 13.6], "texture": "#0"},
				"west": {"uv": [0, 0, 9.6, 9.6], "texture": "#0"},
				"up": {"uv": [2, 4, 11.6, 12], "rotation": 270, "texture": "#0"},
				"down": {"uv": [4, 6, 13.6, 14], "rotation": 90, "texture": "#0"}
			}
		},
		{
			"from": [9.6, 10.3, 8.1],
			"to": [10.1, 10.9, 8.7],
			"rotation": {"angle": 0, "axis": "y", "origin": [7.9, 9.9, 5.7]},
			"faces": {
				"north": {"uv": [1, 0, 9, 9.6], "texture": "#0"},
				"east": {"uv": [6, 0, 15.6, 9.6], "texture": "#0"},
				"south": {"uv": [0, 0, 15, 13.6], "texture": "#0"},
				"west": {"uv": [0, 0, 9.6, 9.6], "texture": "#0"},
				"up": {"uv": [2, 4, 11.6, 12], "rotation": 270, "texture": "#0"},
				"down": {"uv": [4, 6, 13.6, 14], "rotation": 90, "texture": "#0"}
			}
		},
		{
			"from": [9.6, 8.5, 8.1],
			"to": [10.1, 9.1, 8.7],
			"rotation": {"angle": 0, "axis": "y", "origin": [7.9, 9.9, 5.7]},
			"faces": {
				"north": {"uv": [1, 0, 9, 9.6], "texture": "#0"},
				"east": {"uv": [6, 0, 15.6, 9.6], "texture": "#0"},
				"south": {"uv": [0, 0, 15, 13.6], "texture": "#0"},
				"west": {"uv": [0, 0, 9.6, 9.6], "texture": "#0"},
				"up": {"uv": [2, 4, 11.6, 12], "rotation": 270, "texture": "#0"},
				"down": {"uv": [4, 6, 13.6, 14], "rotation": 90, "texture": "#0"}
			}
		},
		{
			"from": [9.6, 10.3, 6.2],
			"to": [10.1, 10.9, 6.8],
			"rotation": {"angle": 0, "axis": "y", "origin": [7.9, 9.9, 5.7]},
			"faces": {
				"north": {"uv": [1, 0, 9, 9.6], "texture": "#0"},
				"east": {"uv": [6, 0, 15.6, 9.6], "texture": "#0"},
				"south": {"uv": [0, 0, 15, 13.6], "texture": "#0"},
				"west": {"uv": [0, 0, 9.6, 9.6], "texture": "#0"},
				"up": {"uv": [2, 4, 11.6, 12], "rotation": 270, "texture": "#0"},
				"down": {"uv": [4, 6, 13.6, 14], "rotation": 90, "texture": "#0"}
			}
		},
		{
			"from": [12.2, 8.5, 5.5],
			"to": [12.8, 9.1, 6],
			"faces": {
				"north": {"uv": [1, 0, 9, 9.6], "texture": "#0"},
				"east": {"uv": [6, 0, 15.6, 9.6], "texture": "#0"},
				"south": {"uv": [0, 0, 15, 13.6], "texture": "#0"},
				"west": {"uv": [0, 0, 8, 9.6], "texture": "#0"},
				"up": {"uv": [2, 4, 11.6, 12], "texture": "#0"},
				"down": {"uv": [4, 6, 13.6, 14], "texture": "#0"}
			}
		},
		{
			"from": [10.3, 10.3, 5.5],
			"to": [10.9, 10.9, 6],
			"faces": {
				"north": {"uv": [1, 0, 9, 9.6], "texture": "#0"},
				"east": {"uv": [6, 0, 15.6, 9.6], "texture": "#0"},
				"south": {"uv": [0, 0, 15, 13.6], "texture": "#0"},
				"west": {"uv": [0, 0, 8, 9.6], "texture": "#0"},
				"up": {"uv": [2, 4, 11.6, 12], "texture": "#0"},
				"down": {"uv": [4, 6, 13.6, 14], "texture": "#0"}
			}
		},
		{
			"from": [10.3, 8.5, 5.5],
			"to": [10.9, 9.1, 6],
			"faces": {
				"north": {"uv": [1, 0, 9, 9.6], "texture": "#0"},
				"east": {"uv": [6, 0, 15.6, 9.6], "texture": "#0"},
				"south": {"uv": [0, 0, 15, 13.6], "texture": "#0"},
				"west": {"uv": [0, 0, 8, 9.6], "texture": "#0"},
				"up": {"uv": [2, 4, 11.6, 12], "texture": "#0"},
				"down": {"uv": [4, 6, 13.6, 14], "texture": "#0"}
			}
		},
		{
			"from": [12.2, 11.2, 8.1],
			"to": [12.8, 11.7, 8.7],
			"faces": {
				"north": {"uv": [1, 0, 9, 9.6], "rotation": 180, "texture": "#0"},
				"east": {"uv": [6, 0, 15.6, 9.6], "rotation": 270, "texture": "#0"},
				"south": {"uv": [0, 0, 15, 13.6], "texture": "#0"},
				"west": {"uv": [0, 0, 8, 9.6], "rotation": 90, "texture": "#0"},
				"up": {"uv": [2, 4, 11.6, 12], "rotation": 180, "texture": "#0"},
				"down": {"uv": [4, 6, 13.6, 14], "texture": "#0"}
			}
		},
		{
			"from": [11.2, 11.2, 7.2],
			"to": [11.8, 11.7, 7.8],
			"faces": {
				"north": {"uv": [1, 0, 9, 9.6], "rotation": 180, "texture": "#0"},
				"east": {"uv": [6, 0, 15.6, 9.6], "rotation": 270, "texture": "#0"},
				"south": {"uv": [0, 0, 15, 13.6], "texture": "#0"},
				"west": {"uv": [0, 0, 8, 9.6], "rotation": 90, "texture": "#1"},
				"up": {"uv": [2, 4, 11.6, 12], "rotation": 180, "texture": "#0"},
				"down": {"uv": [4, 6, 13.6, 14], "texture": "#0"}
			}
		},
		{
			"from": [10.3, 11.2, 8.1],
			"to": [10.9, 11.7, 8.7],
			"faces": {
				"north": {"uv": [1, 0, 9, 9.6], "rotation": 180, "texture": "#0"},
				"east": {"uv": [6, 0, 15.6, 9.6], "rotation": 270, "texture": "#0"},
				"south": {"uv": [0, 0, 15, 13.6], "texture": "#0"},
				"west": {"uv": [0, 0, 8, 9.6], "rotation": 90, "texture": "#0"},
				"up": {"uv": [2, 4, 11.6, 12], "rotation": 180, "texture": "#0"},
				"down": {"uv": [4, 6, 13.6, 14], "texture": "#0"}
			}
		},
		{
			"from": [10.3, 11.2, 6.3],
			"to": [10.9, 11.7, 6.9],
			"faces": {
				"north": {"uv": [1, 0, 9, 9.6], "rotation": 180, "texture": "#0"},
				"east": {"uv": [6, 0, 15.6, 9.6], "rotation": 270, "texture": "#0"},
				"south": {"uv": [0, 0, 15, 13.6], "texture": "#0"},
				"west": {"uv": [0, 0, 8, 9.6], "rotation": 90, "texture": "#0"},
				"up": {"uv": [2, 4, 11.6, 12], "rotation": 180, "texture": "#0"},
				"down": {"uv": [4, 6, 13.6, 14], "texture": "#0"}
			}
		},
		{
			"from": [12.2, 11.2, 6.3],
			"to": [12.8, 11.7, 6.9],
			"faces": {
				"north": {"uv": [1, 0, 9, 9.6], "rotation": 180, "texture": "#0"},
				"east": {"uv": [6, 0, 15.6, 9.6], "rotation": 270, "texture": "#0"},
				"south": {"uv": [0, 0, 15, 13.6], "texture": "#0"},
				"west": {"uv": [0, 0, 8, 9.6], "rotation": 90, "texture": "#0"},
				"up": {"uv": [2, 4, 11.6, 12], "rotation": 180, "texture": "#0"},
				"down": {"uv": [4, 6, 13.6, 14], "texture": "#0"}
			}
		},
		{
			"from": [12.2, 10.3, 5.5],
			"to": [12.8, 10.9, 6],
			"faces": {
				"north": {"uv": [1, 0, 9, 9.6], "texture": "#0"},
				"east": {"uv": [6, 0, 15.6, 9.6], "texture": "#0"},
				"south": {"uv": [0, 0, 15, 13.6], "texture": "#0"},
				"west": {"uv": [0, 0, 8, 9.6], "texture": "#0"},
				"up": {"uv": [2, 4, 11.6, 12], "texture": "#0"},
				"down": {"uv": [4, 6, 13.6, 14], "texture": "#0"}
			}
		},
		{
			"from": [11.2, 9.4, 5.5],
			"to": [11.8, 10, 6],
			"faces": {
				"north": {"uv": [1, 0, 9, 9.6], "texture": "#0"},
				"east": {"uv": [6, 0, 15.6, 9.6], "texture": "#0"},
				"south": {"uv": [0, 0, 15, 13.6], "texture": "#0"},
				"west": {"uv": [0, 0, 8, 9.6], "texture": "#0"},
				"up": {"uv": [2, 4, 11.6, 12], "texture": "#0"},
				"down": {"uv": [4, 6, 13.6, 14], "texture": "#0"}
			}
		}
	],
	"display": {
		"thirdperson_righthand": {
			"rotation": [63, -90, 55],
			"translation": [-0.5, 4.5, -1.5],
			"scale": [1.225, 1.225, 1.225]
		},
		"thirdperson_lefthand": {
			"rotation": [62, 90, -55],
			"translation": [0.5, 4, -0.75],
			"scale": [0.85, 0.85, 0.85]
		},
		"firstperson_righthand": {
			"rotation": [0, -90, 25],
			"translation": [-3.37, 4.7, 1.13],
			"scale": [0.68, 0.68, 0.68]
		},
		"firstperson_lefthand": {
			"rotation": [0, 90, -25],
			"translation": [-3.37, 5.95, 1.13],
			"scale": [0.68, 0.68, 0.68]
		},
		"ground": {
			"translation": [-3.25, 2.75, 0],
			"scale": [3.31, 3.33, 3.33]
		},
		"gui": {
			"translation": [-3, 1.5, 0]
		},
		"head": {
			"rotation": [-115.19, -20.79, 37.04],
			"translation": [-3.5, 8, 4.25],
			"scale": [1.75781, 1.77539, 1.70117]
		},
		"fixed": {
			"translation": [-9, 3, 0],
			"scale": [1.96094, 1.59766, 1]
		}
	},
	"groups": [0, 1, 2,
		{
			"name": "group",
			"origin": [0, 0, 0],
			"children": [3, 4, 5, 6, 7, 8, 9, 10, 11, 12, 13, 14, 15, 16, 17, 18, 19, 20, 21, 22, 23, 24, 25, 26, 27]
		}
	]
}